Date,Sales,Orders,Customers,Marketing_Spend,Returns
2023-01-01,2389.41,26,25,980.59,1
2023-01-02,2412.81,20,15,1015.96,1
2023-01-03,2594.48,32,24,1197.52,1
2023-01-04,2670.66,30,20,811.46,1
2023-01-05,2218.88,28,21,1160.83,1
2023-01-06,2137.49,20,15,1062.05,1
2023-01-07,2504.07,37,25,929.54,2
2023-01-08,2495.6,26,20,942.2,1
2023-01-09,2410.59,31,28,1212.27,1
2023-01-10,2632.89,23,16,963.42,1
2023-01-11,2370.34,28,22,926.89,1
2023-01-12,2234.33,20,15,1147.79,1
2023-01-13,2280.21,21,15,1070.67,1
2023-01-14,1932.3,30,23,922.15,1
2023-01-15,2103.71,21,20,1047.89,1
2023-01-16,2450.47,27,21,944.45,1
2023-01-17,2409.32,30,21,1154.64,1
2023-01-18,2566.54,29,21,1160.13,1
2023-01-19,2210.73,24,15,1085.84,1
2023-01-20,2038.23,23,18,1058.46,1
2023-01-21,2596.07,39,31,1231.88,2
2023-01-22,2428.87,25,17,1045.7,1
2023-01-23,2618.88,29,19,938.95,1
2023-01-24,2389.95,30,22,1088.34,1
2023-01-25,2466.47,31,21,1256.59,2
2023-01-26,2448.32,32,23,945.42,2
2023-01-27,2139.13,26,25,992.2,1
2023-01-28,2453.41,20,15,1088.85,1
2023-01-29,2414.59,34,23,1039.48,2
2023-01-30,2607.05,22,15,958.19,1
2023-01-31,2590.56,29,23,1167.62,1
2023-02-01,2893.06,27,19,1305.59,1
2023-02-02,2423.69,25,16,1065.03,1
2023-02-03,2155.07,24,21,938.9,1
2023-02-04,2531.72,28,24,897.01,1
2023-02-05,2297.42,26,17,1063.64,1
2023-02-06,2688.22,36,20,1171.68,2
2023-02-07,2335.88,27,22,1087.67,1
2023-02-08,2368.54,24,15,1041.87,1
2023-02-09,2509.05,31,25,991.62,2
2023-02-10,2525.39,33,18,942.31,2
2023-02-11,2461.02,20,17,1131.14,1
2023-02-12,2542.36,30,18,1143.92,2
2023-02-13,2641.9,31,25,903.94,1
2023-02-14,2467.43,24,17,1207.03,1
2023-02-15,2522.44,33,21,1108.75,2
2023-02-16,2434.54,25,17,1186.03,1
2023-02-17,2626.02,28,22,923.35,1
2023-02-18,2534.72,26,19,915.5,1
2023-02-19,2287.94,24,19,1022.38,1
2023-02-20,2795.95,24,23,1118.04,1
2023-02-21,2705.16,21,15,1241.95,1
2023-02-22,2570.47,35,30,1124.84,2
2023-02-23,2667.23,24,18,1035.77,1
2023-02-24,2660.36,23,15,956.98,1
2023-02-25,2678.89,20,15,1183.73,1
2023-02-26,2491.97,23,16,953.05,1
2023-02-27,2719.03,22,19,1225.99,1
2023-02-28,2870.51,38,27,1043.79,2
2023-03-01,3146.13,38,32,1247.83,2
2023-03-02,2736.33,25,15,1132.07,1
2023-03-03,2698.73,40,29,1048.22,2
2023-03-04,2571.97,32,19,1002.38,2
2023-03-05,2698.49,27,21,1027.82,1
2023-03-06,3202.65,21,18,1134.99,1
2023-03-07,3339.13,47,33,1108.06,3
2023-03-08,2991.04,25,15,1020.08,1
2023-03-09,3035.88,24,18,1065.59,1
2023-03-10,2829.1,35,27,1077.6,2
2023-03-11,2686.02,40,30,848.29,2
2023-03-12,3009.06,39,32,1126.36,2
2023-03-13,3362.61,38,24,1003.78,2
2023-03-14,3117.09,36,28,971.69,2
2023-03-15,3313.32,39,32,930.06,2
2023-03-16,2410.52,29,16,865.24,1
2023-03-17,2937.92,32,24,940.73,2
2023-03-18,2842.92,30,20,999.67,2
2023-03-19,2914.43,30,21,1270.19,2
2023-03-20,3125.65,29,22,1034.95,2
2023-03-21,2788.26,28,19,1085.07,2
2023-03-22,3013.75,23,15,1120.87,1
2023-03-23,2967.08,31,22,1091.13,1
2023-03-24,3075.83,27,16,1076.81,2
2023-03-25,2752.9,23,15,945.64,1
2023-03-26,2840.77,31,24,1215.54,2
2023-03-27,3035.96,39,25,1262.88,2
2023-03-28,3327.05,40,31,931.36,2
2023-03-29,3127.81,25,19,985.27,1
2023-03-30,2821.88,25,15,1041.33,1
2023-03-31,2915.73,35,23,978.49,2
2023-04-01,2934.63,26,22,1126.67,1
2023-04-02,3233.55,33,21,1021.19,2
2023-04-03,3074.73,35,24,1300.99,2
2023-04-04,3177.92,29,22,1209.73,2
2023-04-05,3069.84,33,26,1105.45,2
2023-04-06,2721.56,22,15,1165.99,1
2023-04-07,2941.55,28,18,1187.08,1
2023-04-08,2970.51,33,28,1021.84,2
2023-04-09,3065.55,24,22,1002.31,1
2023-04-10,3163.37,36,29,1097.62,2
2023-04-11,2985.7,31,23,1165.31,2
2023-04-12,3067.35,35,23,1097.95,2
2023-04-13,2925.03,32,21,917.8,2
2023-04-14,2744.64,36,27,984.4,2
2023-04-15,2894.36,31,24,1066.26,2
2023-04-16,3136.31,31,27,1080.61,2
2023-04-17,3543.16,38,29,1309.84,2
2023-04-18,3269.02,37,22,957.54,2
2023-04-19,3185.64,34,28,1141.7,2
2023-04-20,2968.63,31,19,1227.03,2
2023-04-21,2538.08,23,15,1279.43,1
2023-04-22,2912.14,27,20,1034.29,2
2023-04-23,3067.05,25,24,1133.17,1
2023-04-24,3638.76,47,43,1175.3,3
2023-04-25,3193.82,27,21,1111.18,1
2023-04-26,3183.53,30,21,1081.13,1
2023-04-27,2964.88,28,22,1121.49,1
2023-04-28,2661.33,32,26,806.45,1
2023-04-29,3109.98,31,21,1154.81,1
2023-04-30,3178.06,40,34,1103.3,2
2023-05-01,3450.66,33,24,,2
2023-05-02,3178.11,35,27,1295.37,2
2023-05-03,3490.27,33,26,1041.92,2
2023-05-04,2820.12,40,30,1028.9,2
2023-05-05,3073.82,26,21,1283.58,1
2023-05-06,3395.51,37,25,1020.52,2
2023-05-07,2966.08,34,23,1022.95,2
2023-05-08,3185.46,36,23,1076.43,2
2023-05-09,3338.04,34,26,1184.36,2
2023-05-10,3124.63,32,25,1108.26,2
2023-05-11,2770.02,29,22,936.94,1
2023-05-12,2956.42,30,27,1024.17,1
2023-05-13,2785.13,34,24,1006.37,2
2023-05-14,3203.96,45,34,1084.52,2
2023-05-15,3095.48,30,18,1128.31,2
2023-05-16,3571.92,31,21,1156.14,1
2023-05-17,3046.36,32,25,905.18,2
2023-05-18,2962.53,44,34,1184.15,2
2023-05-19,3061.15,28,19,1108.93,1
2023-05-20,2724.72,37,26,1201.94,2
2023-05-21,3128.89,41,25,1132.15,2
2023-05-22,3464.81,34,23,1218.02,2
2023-05-23,2971.46,34,27,1124.94,2
2023-05-24,3187.79,42,32,1225.89,2
2023-05-25,3033.85,30,23,1134.26,1
2023-05-26,3021.38,31,22,1071.49,1
2023-05-27,2688.93,25,18,1288.58,1
2023-05-28,2814.96,25,16,1157.8,1
2023-05-29,3287.58,31,24,1154.63,2
2023-05-30,3277.78,28,21,969.04,1
2023-05-31,3162.59,33,25,960.92,2
2023-06-01,3125.26,29,19,1116.79,1
2023-06-02,2829.42,31,16,1084.32,2
2023-06-03,3025.2,24,21,1020.1,1
2023-06-04,3182.1,35,24,1105.02,2
2023-06-05,3146.65,37,24,1247.66,2
2023-06-06,3642.44,28,22,1188.09,1
2023-06-07,3280.47,36,25,982.73,2
2023-06-08,2805.76,36,29,1057.19,1
2023-06-09,3026.84,26,21,1001.11,1
2023-06-10,2764.34,37,29,1027.09,2
2023-06-11,3226.98,36,22,1052.26,2
2023-06-12,3439.33,33,27,1058.59,2
2023-06-13,3114.02,33,25,961.33,2
2023-06-14,3323.36,38,26,1086.64,2
2023-06-15,3048.9,32,23,1026.87,1
2023-06-16,3010.69,34,19,787.7,2
2023-06-17,3234.93,29,22,1299.39,1
2023-06-18,2994.54,32,20,1188.55,2
2023-06-19,3048.21,25,15,1045.26,1
2023-06-20,3054.46,32,18,1085.15,1
2023-06-21,2955.66,27,23,960.17,1
2023-06-22,2913.02,27,18,1244.35,1
2023-06-23,2876.19,36,31,1262.3,2
2023-06-24,2895.16,36,24,1089.38,2
2023-06-25,3139.26,36,21,1190.71,2
2023-06-26,3137.69,28,17,1105.79,1
2023-06-27,3427.51,34,28,971.98,2
2023-06-28,3006.02,38,27,1039.18,2
2023-06-29,3367.55,36,24,1115.25,2
2023-06-30,2878.31,42,31,1027.24,2
2023-07-01,2486.54,28,22,1027.33,1
2023-07-02,2584.94,28,24,1045.96,1
2023-07-03,3001.42,30,26,1072.0,1
2023-07-04,2903.13,31,21,1079.41,2
2023-07-05,2965.87,30,18,971.89,1
2023-07-06,2756.55,33,23,993.69,1
2023-07-07,2552.27,32,24,924.68,1
2023-07-08,2441.76,22,15,1144.29,1
2023-07-09,2458.43,20,15,836.94,1
2023-07-10,2787.66,20,15,1182.62,1
2023-07-11,3051.03,35,25,1221.7,2
2023-07-12,2829.5,24,17,1039.55,1
2023-07-13,2400.85,20,15,783.74,1
2023-07-14,2550.39,29,20,1016.89,1
2023-07-15,2617.52,40,26,1050.63,2
2023-07-16,2526.13,27,22,950.51,1
2023-07-17,2849.99,34,28,1019.48,1
2023-07-18,2861.84,31,17,1224.73,1
2023-07-19,2539.91,26,16,1118.89,1
2023-07-20,2644.38,32,19,966.21,1
2023-07-21,2575.29,26,17,894.76,1
2023-07-22,2698.49,30,21,1029.21,1
2023-07-23,2830.55,31,18,1048.49,1
2023-07-24,2530.26,23,15,1101.44,1
2023-07-25,2638.77,33,21,1004.79,1
2023-07-26,2794.88,29,22,1118.84,1
2023-07-27,2629.32,24,17,1251.27,1
2023-07-28,2524.25,29,19,1133.0,1
2023-07-29,3154.58,29,21,1084.47,1
2023-07-30,2701.55,29,19,1043.78,1
2023-07-31,2940.96,31,22,1040.79,1
2023-08-01,3209.21,39,33,1210.62,2
2023-08-02,3039.46,34,29,1019.64,2
2023-08-03,2684.39,28,16,1065.59,1
2023-08-04,2762.62,33,26,1070.88,2
2023-08-05,2519.85,33,26,1001.01,1
2023-08-06,2768.06,32,20,928.84,1
2023-08-07,2875.12,30,24,1104.8,1
2023-08-08,3010.43,25,23,1074.53,1
2023-08-09,3297.62,29,18,1147.88,1
2023-08-10,2364.38,23,15,988.5,1
2023-08-11,2709.48,25,21,1184.65,1
2023-08-12,2329.23,24,18,952.08,1
2023-08-13,2686.92,29,23,1232.42,1
2023-08-14,3120.32,35,26,912.46,1
2023-08-15,2969.73,31,23,1121.66,1
2023-08-16,2650.12,30,18,1106.55,1
2023-08-17,2535.55,27,23,972.58,1
2023-08-18,2672.8,20,18,1102.81,1
2023-08-19,2453.28,21,15,1175.15,1
2023-08-20,2776.77,29,21,844.92,1
2023-08-21,2899.19,24,15,1124.23,1
2023-08-22,2808.3,33,25,819.17,1
2023-08-23,3198.22,41,31,995.33,2
2023-08-24,2747.37,35,25,1227.76,1
2023-08-25,2155.69,22,19,971.16,1
2023-08-26,2588.84,35,24,937.94,2
2023-08-27,2590.03,28,22,1035.61,1
2023-08-28,3016.59,30,19,1287.79,1
2023-08-29,2755.93,26,19,882.19,1
2023-08-30,2765.48,28,20,960.8,1
2023-08-31,2698.85,26,19,1211.67,1
2023-09-01,2384.19,26,18,1228.82,1
2023-09-02,2044.38,22,15,1012.32,1
2023-09-03,2338.4,25,20,916.4,1
2023-09-04,2451.42,28,19,1256.67,1
2023-09-05,2451.74,32,18,1206.55,1
2023-09-06,2787.54,34,30,1135.15,1
2023-09-07,2384.37,20,19,961.82,1
2023-09-08,1985.17,20,15,1014.21,1
2023-09-09,2410.26,30,24,1028.58,1
2023-09-10,2766.05,22,15,1099.05,1
2023-09-11,2709.05,27,20,1207.64,1
2023-09-12,2283.01,20,15,1124.92,1
2023-09-13,2370.61,20,15,934.5,1
2023-09-14,2528.4,29,19,1189.35,1
2023-09-15,2074.5,26,17,1055.78,1
2023-09-16,2315.56,21,15,1107.64,1
2023-09-17,2515.01,20,15,1197.55,1
2023-09-18,2348.75,22,16,929.77,1
2023-09-19,2539.07,29,19,1048.76,1
2023-09-20,1868.53,20,16,958.97,1
2023-09-21,2111.05,23,21,869.88,1
2023-09-22,2152.41,23,15,1063.82,1
2023-09-23,2007.98,24,18,1271.63,1
2023-09-24,2667.22,29,22,876.03,1
2023-09-25,2256.9,20,16,1032.19,1
2023-09-26,2470.22,32,23,1112.27,1
2023-09-27,2476.05,25,20,1060.87,1
2023-09-28,2556.36,27,21,1042.07,1
2023-09-29,1941.83,20,15,886.59,1
2023-09-30,2445.29,24,20,1070.0,1
2023-10-01,2617.27,23,19,981.36,1
2023-10-02,2594.81,26,16,836.7,1
2023-10-03,2894.3,39,28,1193.12,1
2023-10-04,2741.37,22,18,1160.32,1
2023-10-05,2427.38,20,15,1050.81,1
2023-10-06,2442.7,33,27,1069.47,1
2023-10-07,2401.0,24,24,1151.49,1
2023-10-08,2647.72,25,16,1081.3,1
2023-10-09,2903.55,36,22,1164.62,1
2023-10-10,3110.51,30,23,1056.88,1
2023-10-11,2497.67,35,27,1181.06,2
2023-10-12,2935.31,34,24,1108.2,1
2023-10-13,2095.72,20,19,1045.15,1
2023-10-14,2461.01,37,23,920.65,1
2023-10-15,2752.18,26,21,1093.83,1
2023-10-16,2854.95,34,23,988.1,1
2023-10-17,2733.95,30,27,1000.21,1
2023-10-18,2705.02,35,31,980.76,1
2023-10-19,2485.64,34,22,942.51,1
2023-10-20,2365.02,25,16,1254.38,1
2023-10-21,2666.26,24,20,1193.11,1
2023-10-22,2736.53,31,21,1256.23,1
2023-10-23,2706.62,25,18,940.11,1
2023-10-24,3035.91,42,30,1089.28,2
2023-10-25,2826.71,30,16,940.25,1
2023-10-26,2750.57,27,19,995.46,1
2023-10-27,2615.27,28,18,965.1,1
2023-10-28,-500.0,20,15,1167.71,1
2023-10-29,2604.17,23,21,1016.63,1
2023-10-30,2999.52,38,24,1186.81,1
2023-10-31,3018.45,28,23,1141.52,1
2023-11-01,3109.37,27,19,1316.93,1
2023-11-02,2949.89,34,24,929.05,1
2023-11-03,3046.28,38,30,1208.7,1
2023-11-04,2758.7,33,25,1180.17,1
2023-11-05,3141.97,38,29,991.18,2
2023-11-06,3185.54,30,25,1191.85,1
2023-11-07,3232.05,27,18,1127.54,1
2023-11-08,3357.22,43,29,1078.69,2
2023-11-09,3124.6,31,19,1005.08,1
2023-11-10,3010.92,30,19,1008.74,1
2023-11-11,3149.29,40,38,1293.94,2
2023-11-12,3097.31,35,29,1085.91,1
2023-11-13,3395.62,38,23,1181.95,1
2023-11-14,3267.2,45,28,1016.94,1
2023-11-15,3270.49,31,24,1018.24,1
2023-11-16,3006.16,36,28,1188.57,1
2023-11-17,2936.37,31,24,941.22,1
2023-11-18,3076.68,34,24,1043.08,1
2023-11-19,3002.32,39,28,1083.54,2
2023-11-20,3706.39,42,31,1133.52,2
2023-11-21,3199.66,36,26,1074.07,2
2023-11-22,3052.05,37,20,1122.71,1
2023-11-23,3297.29,33,23,1167.12,1
2023-11-24,3121.4,29,18,1160.75,1
2023-11-25,3142.64,28,21,989.98,1
2023-11-26,3324.17,25,27,1071.03,1
2023-11-27,3389.73,46,34,1222.86,2
2023-11-28,3282.1,29,20,1186.39,1
2023-11-29,3347.8,34,27,963.58,2
2023-11-30,3031.15,31,24,1117.02,1
2023-12-01,3543.62,39,29,914.79,2
2023-12-02,3399.19,40,31,1108.65,2
2023-12-03,3477.79,41,36,1298.44,2
2023-12-04,3769.33,37,23,1031.37,2
2023-12-05,3959.34,41,31,1054.13,2
2023-12-06,3663.05,40,26,1196.19,2
2023-12-07,3416.71,35,27,950.72,1
2023-12-08,3488.24,45,30,1046.02,1
2023-12-09,3546.6,40,28,1172.44,2
2023-12-10,3612.52,42,29,1053.32,2
2023-12-11,3820.32,44,35,1105.62,2
2023-12-12,4005.21,48,37,1214.73,2
2023-12-13,3582.78,39,24,1157.12,1
2023-12-14,3390.76,29,21,1130.13,1
2023-12-15,3394.9,38,25,1069.78,1
2023-12-16,3544.36,34,21,1149.67,2
2023-12-17,3840.42,38,27,1118.05,2
2023-12-18,4251.74,48,34,1200.88,2
2023-12-19,4199.25,50,43,1102.26,2
2023-12-20,3896.43,41,31,1115.53,2
2023-12-21,3722.79,41,25,1024.37,2
2023-12-22,3426.17,45,31,1102.07,2
2023-12-23,3662.14,40,32,1038.63,2
2023-12-24,3815.45,53,44,1017.52,2
2023-12-25,4127.46,46,28,1173.51,2
2023-12-26,3979.4,33,18,1160.04,2
2023-12-27,4102.33,47,39,1224.43,2
2023-12-28,4085.9,45,34,1102.04,2
2023-12-29,3671.01,45,30,1161.07,2
2023-12-30,3821.88,44,33,1184.39,2
2023-12-31,4075.84,42,22,1189.03,2
2024-01-01,2758.43,23,17,982.94,1
2024-01-02,2911.19,30,23,1089.61,1
2024-01-03,2791.75,25,21,1103.92,1
2024-01-04,2671.58,25,15,1061.01,1
2024-01-05,2433.47,29,21,837.36,1
2024-01-06,2617.21,36,23,1073.08,2
2024-01-07,2840.11,32,24,1291.66,2
2024-01-08,3149.33,27,17,1052.96,1
2024-01-09,3100.94,35,24,1013.25,2
2024-01-10,3234.4,40,26,1131.4,2
2024-01-11,2573.14,24,19,1085.63,1
2024-01-12,2786.8,29,23,1186.48,1
2024-01-13,2702.85,29,20,936.38,1
2024-01-14,3201.55,30,22,1165.23,1
2024-01-15,2799.41,33,19,1127.01,2
2024-01-16,2833.74,29,20,1055.81,1
2024-01-17,2795.39,32,23,1101.59,2
2024-01-18,2385.22,21,23,1146.06,1
2024-01-19,2591.2,25,15,1142.7,1
2024-01-20,2589.05,31,27,941.04,2
2024-01-21,2890.08,29,24,1155.42,1
2024-01-22,3061.79,41,30,1077.24,2
2024-01-23,3377.72,34,30,1109.95,1
2024-01-24,3129.2,34,26,1095.07,2
2024-01-25,2718.24,33,25,1048.07,2
2024-01-26,2578.38,20,15,1173.87,1
2024-01-27,2868.19,21,19,1063.72,1
2024-01-28,2678.98,21,18,948.78,1
2024-01-29,3383.22,42,28,1063.64,2
2024-01-30,3305.23,32,19,1116.18,1
2024-01-31,2926.22,44,31,1198.49,2
2024-02-01,2503.41,24,15,1110.51,1
2024-02-02,2974.89,32,23,993.44,2
2024-02-03,2748.85,37,30,1313.45,2
2024-02-04,3125.87,43,30,1114.03,2
2024-02-05,2749.6,39,28,1192.51,2
2024-02-06,2966.79,37,27,1062.84,2
2024-02-07,2994.71,37,29,1133.02,2
2024-02-08,2868.31,33,17,1156.05,2
2024-02-09,2697.79,32,21,1183.69,1
2024-02-10,2928.71,28,21,1181.46,1
2024-02-11,2757.53,25,22,1152.67,1
2024-02-12,3057.09,32,22,1051.92,2
2024-02-13,3141.94,32,17,1031.34,2
2024-02-14,3131.44,31,24,1121.15,2
2024-02-15,3032.48,35,23,1175.26,2
2024-02-16,2620.35,32,19,1034.95,1
2024-02-17,2583.88,28,18,1161.55,1
2024-02-18,3222.53,41,29,1238.61,2
2024-02-19,3184.8,28,18,999.46,1
2024-02-20,3027.23,31,16,997.94,2
2024-02-21,3359.12,32,26,1087.51,2
2024-02-22,2965.66,22,20,1108.7,1
2024-02-23,3074.88,32,25,1032.04,1
2024-02-24,2911.37,30,18,1209.9,1
2024-02-25,3402.03,43,30,1146.53,2
2024-02-26,3478.85,40,29,1112.68,2
2024-02-27,3154.39,28,22,945.67,1
2024-02-28,3291.36,44,34,965.9,2
2024-02-29,3096.9,39,26,1113.92,2
2024-03-01,3401.76,39,28,890.85,2
2024-03-02,3020.82,31,24,1182.51,2
2024-03-03,3460.83,32,27,1091.83,1
2024-03-04,3670.59,37,29,1444.54,2
2024-03-05,3202.26,39,30,1322.93,2
2024-03-06,3214.99,43,31,1074.75,2
2024-03-07,2912.3,38,32,1064.1,2
2024-03-08,3139.78,31,24,1187.94,2
2024-03-09,3355.72,30,19,1271.66,1
2024-03-10,3639.01,39,32,954.54,2
2024-03-11,3523.82,28,22,932.79,1
2024-03-12,3841.56,42,29,1068.29,2
2024-03-13,3208.29,33,22,1150.77,2
2024-03-14,3000.65,29,22,1129.73,1
2024-03-15,3205.31,26,20,1199.3,1
2024-03-16,3321.88,38,28,979.34,2
2024-03-17,3388.02,33,25,871.67,2
2024-03-18,3162.8,27,25,1175.57,1
2024-03-19,3555.96,23,20,1030.54,1
2024-03-20,3244.62,34,25,892.83,2
2024-03-21,3449.63,45,35,1121.48,2
2024-03-22,3302.25,43,28,1177.45,2
2024-03-23,3103.63,30,23,1074.01,1
2024-03-24,3320.58,32,28,1053.45,2
2024-03-25,3362.55,38,27,1085.82,2
2024-03-26,3578.09,33,21,,1
2024-03-27,3667.82,40,27,985.26,2
2024-03-28,3167.23,37,23,1018.57,2
2024-03-29,3341.65,41,27,1152.63,2
2024-03-30,3191.11,33,23,1123.63,2
2024-03-31,3283.2,34,20,1113.8,2
2024-04-01,3618.64,34,25,1017.6,2
2024-04-02,3487.53,33,26,1091.1,2
2024-04-03,3477.9,35,22,890.97,2
2024-04-04,3206.69,36,30,1110.25,2
2024-04-05,3679.38,43,32,1263.65,2
2024-04-06,3367.51,31,25,954.64,2
2024-04-07,3376.48,43,29,1044.0,2
2024-04-08,3682.09,37,29,1153.84,2
2024-04-09,3658.39,38,24,1244.79,2
2024-04-10,3541.59,34,27,1067.67,2
2024-04-11,3535.73,25,19,1042.92,1
2024-04-12,3464.03,41,31,910.95,3
2024-04-13,3266.7,38,24,1106.35,2
2024-04-14,3398.89,34,22,1308.14,2
2024-04-15,3593.25,38,29,1143.33,2
2024-04-16,3262.53,37,24,1093.52,2
2024-04-17,3305.99,27,21,1130.57,2
2024-04-18,3667.67,36,22,1118.95,2
2024-04-19,3619.31,42,33,1035.86,2
2024-04-20,3312.0,29,17,1181.05,2
2024-04-21,3600.06,39,30,1138.58,2
2024-04-22,3691.63,32,25,1123.26,2
2024-04-23,4223.03,47,32,1055.85,2
2024-04-24,3771.32,40,31,1256.63,2
2024-04-25,3388.79,28,21,1169.8,1
2024-04-26,3140.54,39,26,1033.14,2
2024-04-27,3056.11,28,17,1183.55,1
2024-04-28,3520.48,33,18,1061.47,2
2024-04-29,3486.19,38,28,1030.97,2
2024-04-30,3398.7,42,26,1027.95,2
2024-05-01,3580.63,33,24,937.73,2
2024-05-02,3337.17,35,24,1147.38,2
2024-05-03,3731.42,41,32,940.77,2
2024-05-04,3619.62,42,29,994.33,2
2024-05-05,3602.77,39,27,908.61,2
2024-05-06,4013.77,40,31,1132.22,2
2024-05-07,3794.15,36,27,1112.62,2
2024-05-08,3520.49,37,28,1078.56,2
2024-05-09,3783.71,34,26,1022.76,2
2024-05-10,3501.62,22,15,992.87,1
2024-05-11,3250.31,36,28,1141.46,2
2024-05-12,3545.26,42,32,1057.66,2
2024-05-13,3564.3,26,16,1145.49,1
2024-05-14,3505.09,32,22,1021.78,2
2024-05-15,3815.25,43,31,1147.02,2
2024-05-16,3825.51,51,36,1259.86,2
2024-05-17,3124.42,33,25,1146.08,2
2024-05-18,3509.17,33,28,1069.31,2
2024-05-19,3432.51,35,28,1131.67,2
2024-05-20,3603.64,45,28,1092.15,2
2024-05-21,3616.08,35,27,1117.75,2
2024-05-22,3461.06,32,27,1075.1,1
2024-05-23,3457.93,34,26,1091.04,2
2024-05-24,3193.32,29,24,1112.81,1
2024-05-25,3422.6,37,33,1006.02,2
2024-05-26,3506.04,45,35,1008.77,2
2024-05-27,3613.16,40,30,977.94,2
2024-05-28,3523.6,36,29,951.39,2
2024-05-29,3476.42,35,26,986.86,2
2024-05-30,3548.25,30,22,1128.84,2
2024-05-31,3395.58,40,28,1014.46,2
2024-06-01,3288.24,34,29,1148.66,2
2024-06-02,3628.12,37,24,1121.16,2
2024-06-03,3891.46,57,46,936.64,3
2024-06-04,3487.17,38,29,1174.73,2
2024-06-05,3774.13,36,22,1207.53,2
2024-06-06,3382.14,33,25,1003.54,2
2024-06-07,3492.67,43,25,1151.58,2
2024-06-08,3283.77,35,27,1011.38,2
2024-06-09,3241.87,27,22,1104.28,1
2024-06-10,3419.32,41,28,978.71,2
2024-06-11,3751.97,36,26,945.81,2
2024-06-12,3678.33,48,40,1082.42,2
2024-06-13,3293.5,40,27,1085.24,2
2024-06-14,3459.4,34,21,1067.8,1
2024-06-15,3076.22,39,33,966.17,2
2024-06-16,3508.66,37,33,1070.53,2
2024-06-17,3447.78,41,30,1133.8,2
2024-06-18,3579.16,40,32,1110.26,2
2024-06-19,3593.0,34,29,1133.83,2
2024-06-20,3254.03,31,20,1028.23,2
2024-06-21,3227.6,39,27,1210.83,2
2024-06-22,3508.55,35,29,992.9,2
2024-06-23,3368.61,33,29,1150.87,2
2024-06-24,3767.89,35,27,1244.26,2
2024-06-25,3444.66,38,25,1154.77,2
2024-06-26,3631.18,49,41,1097.62,2
2024-06-27,3619.57,33,22,1064.34,2
2024-06-28,2802.97,30,21,1171.79,1
2024-06-29,3134.92,40,30,945.8,2
2024-06-30,3527.16,37,31,1014.62,2
2024-07-01,3333.43,37,29,1060.25,1
2024-07-02,3465.57,31,24,1231.7,2
2024-07-03,3184.04,36,27,1129.02,2
2024-07-04,3142.35,32,23,991.74,1
2024-07-05,2992.74,36,28,1048.53,2
2024-07-06,3259.76,40,21,1034.15,2
2024-07-07,3232.25,47,33,1022.96,2
2024-07-08,3384.14,39,29,1200.94,2
2024-07-09,3278.06,36,22,959.51,1
2024-07-10,3158.49,34,26,1250.39,2
2024-07-11,3002.49,30,21,1162.97,1
2024-07-12,3045.45,34,30,1191.81,1
2024-07-13,2927.59,29,26,1029.36,1
2024-07-14,3192.55,34,23,1076.56,2
2024-07-15,3651.02,45,32,975.75,2
2024-07-16,3463.25,31,22,1055.33,1
2024-07-17,3142.01,39,27,1137.89,1
2024-07-18,3251.2,41,30,1224.68,2
2024-07-19,2855.84,29,19,960.63,1
2024-07-20,2591.57,20,15,1018.94,1
2024-07-21,2914.25,28,22,1059.73,1
2024-07-22,2896.28,37,29,934.2,2
2024-07-23,3199.03,34,22,1151.08,2
2024-07-24,3160.15,28,23,1017.21,1
2024-07-25,3293.19,32,21,1078.05,1
2024-07-26,2944.91,35,26,1031.5,1
2024-07-27,2876.1,33,26,993.63,2
2024-07-28,3202.46,33,24,1091.44,1
2024-07-29,2792.85,28,22,1046.01,1
2024-07-30,3262.92,32,21,1058.59,1
2024-07-31,3254.2,30,21,1022.41,1
2024-08-01,2973.57,39,27,1110.37,2
2024-08-02,3330.36,33,22,1265.18,1
2024-08-03,3218.27,40,28,1107.08,2
2024-08-04,3234.21,42,26,1193.66,2
2024-08-05,3574.56,43,29,975.45,2
2024-08-06,3902.48,39,27,1149.93,2
2024-08-07,3411.67,38,27,994.96,1
2024-08-08,3243.01,34,24,946.89,2
2024-08-09,3001.0,27,19,1006.12,1
2024-08-10,2964.16,33,25,1197.04,1
2024-08-11,3418.82,30,24,1200.13,1
2024-08-12,3267.59,40,27,1120.36,1
2024-08-13,3468.3,34,21,954.83,1
2024-08-14,3255.27,35,22,1075.69,1
2024-08-15,3247.52,36,24,1125.02,2
2024-08-16,3107.4,31,21,1104.0,1
2024-08-17,3268.23,37,24,911.71,2
2024-08-18,3142.61,31,18,999.52,1
2024-08-19,3338.87,40,27,1093.92,1
2024-08-20,3245.74,27,20,1148.37,1
2024-08-21,3228.51,35,27,874.1,1
2024-08-22,3197.22,43,29,1075.62,2
2024-08-23,3152.36,28,19,1103.45,1
2024-08-24,2885.03,27,17,1158.06,1
2024-08-25,3361.28,38,27,1170.96,1
2024-08-26,3602.61,39,26,1174.41,2
2024-08-27,3468.29,38,29,1028.1,1
2024-08-28,3619.09,41,24,926.35,2
2024-08-29,2963.64,34,23,1038.51,1
2024-08-30,2766.53,35,26,1166.16,1
2024-08-31,2706.18,31,23,1201.72,1
2024-09-01,3109.41,32,31,1157.62,1
2024-09-02,3096.06,36,27,1128.7,1
2024-09-03,3000.56,41,27,1118.0,2
2024-09-04,2961.22,31,22,1022.06,1
2024-09-05,2549.81,22,15,1039.98,1
2024-09-06,3093.13,38,27,1252.49,2
2024-09-07,2708.92,28,18,968.28,1
2024-09-08,2844.22,20,17,1232.13,1
2024-09-09,3094.15,37,25,1053.45,1
2024-09-10,3083.23,30,21,1217.54,1
2024-09-11,2938.06,30,20,935.6,1
2024-09-12,2597.91,29,26,1114.46,1
2024-09-13,2726.42,30,21,989.91,1
2024-09-14,3013.96,35,31,939.31,1
2024-09-15,3057.11,30,24,1105.28,1
2024-09-16,3241.57,37,28,1195.44,1
2024-09-17,2896.8,29,22,989.31,1
2024-09-18,2712.7,32,24,912.86,1
2024-09-19,2711.51,32,17,1053.51,1
2024-09-20,2646.45,23,16,1050.04,1
2024-09-21,2867.92,36,28,1126.91,1
2024-09-22,2506.96,24,17,1145.38,1
2024-09-23,3227.7,38,23,1087.72,1
2024-09-24,2958.88,33,24,1263.08,1
2024-09-25,2813.41,39,33,1091.23,2
2024-09-26,2552.31,26,22,1018.5,1
2024-09-27,2339.81,23,16,879.23,1
2024-09-28,2821.32,30,24,1043.01,1
2024-09-29,2827.92,28,19,1036.04,1
2024-09-30,2724.23,33,19,1159.48,1
2024-10-01,3058.4,24,15,1129.75,1
2024-10-02,3125.32,28,25,969.58,1
2024-10-03,3315.88,30,21,1116.18,1
2024-10-04,2863.26,35,24,1138.95,1
2024-10-05,2679.46,37,26,1213.57,1
2024-10-06,3062.54,32,29,1172.5,1
2024-10-07,3214.58,33,29,1168.96,1
2024-10-08,2818.71,30,28,1075.13,1
2024-10-09,3189.64,39,28,1130.21,2
2024-10-10,2988.56,27,20,1204.26,1
2024-10-11,3051.0,33,19,949.78,1
2024-10-12,3299.55,40,33,1063.03,2
2024-10-13,3327.29,38,24,1022.38,2
2024-10-14,3234.02,35,26,1131.96,2
2024-10-15,3124.73,38,24,1210.51,1
2024-10-16,3683.38,25,16,1061.31,1
2024-10-17,3062.55,36,23,844.72,1
2024-10-18,2950.95,28,18,1035.83,1
2024-10-19,2986.15,22,15,1170.52,1
2024-10-20,3184.91,36,24,1144.86,1
2024-10-21,3282.17,41,32,1139.75,1
2024-10-22,3247.36,33,20,1066.84,1
2024-10-23,3149.43,38,28,961.06,2
2024-10-24,3074.66,40,32,1136.01,1
2024-10-25,2880.26,37,25,989.39,1
2024-10-26,2892.78,39,26,1291.98,2
2024-10-27,3199.96,37,26,1149.05,1
2024-10-28,3294.75,35,29,1039.62,1
2024-10-29,3654.78,30,22,1058.15,1
2024-10-30,2805.06,28,19,1059.01,1
2024-10-31,3312.32,31,24,1074.79,1
2024-11-01,3567.41,48,31,1225.73,2
2024-11-02,3018.62,31,24,1099.76,1
2024-11-03,3508.28,38,29,1037.33,2
2024-11-04,3681.38,42,29,1309.93,2
2024-11-05,3544.02,38,25,1117.57,1
2024-11-06,3545.4,46,30,1189.61,2
2024-11-07,3301.93,32,25,1037.29,1
2024-11-08,3705.55,40,32,1158.64,2
2024-11-09,3608.21,34,23,1147.6,1
2024-11-10,3847.74,34,26,941.9,1
2024-11-11,3927.95,38,21,1337.2,2
2024-11-12,3644.85,38,26,1247.76,1
2024-11-13,3642.59,36,26,1078.84,1
2024-11-14,3642.4,35,22,1008.32,2
2024-11-15,3223.5,27,17,1128.17,1
2024-11-16,3622.33,38,25,1126.01,2
2024-11-17,3630.64,31,23,1153.41,1
2024-11-18,3786.45,44,31,1146.34,2
2024-11-19,4032.74,43,24,1192.59,2
2024-11-20,3874.47,33,17,1277.2,1
2024-11-21,3547.62,36,24,1169.67,1
2024-11-22,3711.22,35,27,1017.71,1
2024-11-23,3359.21,37,18,1237.81,1
2024-11-24,3845.32,47,32,1294.78,2
2024-11-25,4021.96,33,22,1456.52,1
2024-11-26,3911.04,42,34,1022.31,2
2024-11-27,3915.9,40,28,1159.24,1
2024-11-28,3450.77,40,30,898.84,2
2024-11-29,3732.91,40,29,1179.29,2
2024-11-30,3585.22,34,18,1060.29,1
2024-12-01,4110.59,42,33,1338.98,2
2024-12-02,4594.2,44,32,1098.19,2
2024-12-03,4336.32,51,38,991.26,2
2024-12-04,4088.98,43,43,1098.21,2
2024-12-05,3862.41,50,30,934.2,2
2024-12-06,4131.25,43,36,1222.99,2
2024-12-07,3849.73,37,26,924.48,1
2024-12-08,4597.25,41,30,1178.68,2
2024-12-09,4107.89,34,24,938.69,1
2024-12-10,4846.25,43,30,1158.75,2
2024-12-11,4458.8,48,33,1331.87,2
2024-12-12,4203.99,47,35,1188.3,2
2024-12-13,4003.36,34,20,1053.85,2
2024-12-14,4231.79,49,38,1150.79,2
2024-12-15,4354.78,43,30,1163.09,2
2024-12-16,4761.81,51,33,1232.97,2
2024-12-17,4642.42,57,40,1041.86,3
2024-12-18,4529.21,52,41,1231.01,2
2024-12-19,4237.65,43,29,883.82,2
2024-12-20,4173.22,39,29,1087.4,2
2024-12-21,4297.69,34,22,1109.03,2
2024-12-22,4136.35,40,31,1211.51,2
2024-12-23,4403.44,45,34,1166.47,2
2024-12-24,4838.79,46,39,1049.77,2
2024-12-25,4616.28,48,34,1078.48,2
2024-12-26,4353.56,46,35,1181.08,2
2024-12-27,4270.55,44,32,1148.33,2
2024-12-28,4388.77,43,35,1105.41,2
2024-12-29,4431.09,47,32,1117.78,2
2024-12-30,4590.2,51,39,1245.03,2
2024-12-31,4824.53,45,32,1137.7,2
2025-01-01,3006.33,39,28,1071.57,2
2025-01-02,3120.44,32,23,1304.22,2
2025-01-03,2659.12,28,21,917.18,1
2025-01-04,3191.02,37,26,906.28,1
2025-01-05,3228.52,35,26,1172.07,2
2025-01-06,3327.21,40,34,1031.77,2
2025-01-07,3498.18,38,30,1078.07,2
2025-01-08,3539.65,34,27,1034.26,2
2025-01-09,3286.91,36,25,1071.23,2
2025-01-10,2691.51,23,15,1221.34,1
2025-01-11,2832.64,30,24,1150.17,1
2025-01-12,3088.07,32,26,1171.51,1
2025-01-13,3342.78,34,29,958.94,2
2025-01-14,3471.29,36,24,993.16,2
2025-01-15,3165.9,24,17,806.05,1
2025-01-16,3194.44,31,17,1010.73,2
2025-01-17,2943.21,31,21,1172.26,2
2025-01-18,3009.01,32,26,1132.23,2
2025-01-19,3003.24,26,17,1058.04,1
2025-01-20,3227.57,40,31,1091.42,2
2025-01-21,3190.24,29,20,1022.53,1
2025-01-22,3176.05,38,28,1111.04,2
2025-01-23,3405.39,38,24,1180.91,2
2025-01-24,2962.92,28,20,916.19,1
2025-01-25,3647.24,47,25,1148.8,2
2025-01-26,3399.26,30,21,1197.2,1
2025-01-27,3480.73,41,25,1067.33,2
2025-01-28,3332.4,40,32,1170.01,2
2025-01-29,3530.78,34,27,1393.31,2
2025-01-30,3164.77,40,30,1079.45,2
2025-01-31,3208.04,33,28,1131.81,2
2025-02-01,3616.0,40,26,1043.15,2
2025-02-02,3271.56,36,31,1114.42,2
2025-02-03,3629.33,38,30,1163.79,2
2025-02-04,3334.06,39,27,1119.53,2
2025-02-05,3373.51,39,31,1000.44,2
2025-02-06,3564.73,29,18,1134.52,1
2025-02-07,3052.16,39,26,1229.35,2
2025-02-08,3529.15,29,19,1156.61,1
2025-02-09,3463.5,42,29,1204.01,2
2025-02-10,3367.98,41,26,1078.38,2
2025-02-11,3620.72,33,27,1192.23,2
2025-02-12,3600.6,36,25,1143.96,2
2025-02-13,3403.12,30,23,1009.1,1
2025-02-14,2927.05,30,20,1107.47,1
2025-02-15,3116.15,31,17,987.8,2
2025-02-16,3335.11,39,29,1036.82,2
2025-02-17,3498.81,43,25,1128.86,2
2025-02-18,3661.02,46,33,1149.39,2
2025-02-19,3499.35,34,20,991.04,2
2025-02-20,3092.05,32,29,1190.92,2
2025-02-21,3318.73,27,22,1156.32,1
2025-02-22,3396.92,32,23,1033.34,2
2025-02-23,3519.78,42,34,957.43,2
2025-02-24,3745.47,48,32,1110.24,2
2025-02-25,3737.47,33,25,1079.65,2
2025-02-26,3587.42,35,26,1126.56,2
2025-02-27,3356.52,35,26,1065.08,2
2025-02-28,2987.39,33,28,878.5,2
2025-03-01,3695.05,35,27,1082.87,2
2025-03-02,3798.09,42,31,1097.32,2
2025-03-03,3952.46,39,23,1200.51,2
2025-03-04,3712.66,39,25,1052.94,2
2025-03-05,3657.17,41,29,1287.3,2
2025-03-06,3892.87,41,30,942.41,2
2025-03-07,3605.23,36,23,1247.43,2
2025-03-08,3773.46,39,35,1103.98,2
2025-03-09,3798.06,40,33,1213.84,2
2025-03-10,3940.37,40,31,1144.4,2
2025-03-11,4141.99,42,30,1262.47,2
2025-03-12,3788.66,48,34,1088.58,2
2025-03-13,3749.55,42,27,1015.11,2
2025-03-14,3557.25,36,26,1255.49,2
2025-03-15,3599.84,41,30,1104.64,2
2025-03-16,3763.71,38,24,1147.98,2
2025-03-17,4000.54,48,36,1263.51,2
2025-03-18,3911.6,43,30,1031.5,2
2025-03-19,4131.39,43,25,1207.43,2
2025-03-20,3594.15,40,26,1056.66,2
2025-03-21,3628.87,30,20,,1
2025-03-22,3620.06,32,29,1124.43,2
2025-03-23,4100.1,37,28,995.98,2
2025-03-24,4015.33,43,27,1063.04,2
2025-03-25,4202.0,53,40,1287.23,3
2025-03-26,3655.55,50,31,1207.95,3
2025-03-27,3819.95,43,34,1122.93,2
2025-03-28,3838.44,43,30,1154.62,2
2025-03-29,3728.92,30,21,1094.31,2
2025-03-30,4045.41,40,33,1278.38,2
2025-03-31,3899.91,37,23,1113.96,2
2025-04-01,4364.33,43,27,1185.04,2
2025-04-02,4428.3,46,31,1280.3,3
2025-04-03,3794.1,38,30,1049.91,2
2025-04-04,3682.8,29,16,1276.85,1
2025-04-05,4060.2,46,25,990.57,2
2025-04-06,4224.36,39,27,1316.43,2
2025-04-07,3987.22,43,33,1101.97,2
2025-04-08,4040.91,53,42,1118.18,3
2025-04-09,3968.74,37,25,949.12,2
2025-04-10,3621.44,25,17,1071.81,1
2025-04-11,3600.75,36,29,1012.06,2
2025-04-12,3620.03,44,26,1056.44,2
2025-04-13,3803.09,50,35,1114.45,3
2025-04-14,4075.43,37,27,1240.31,2
2025-04-15,4158.12,46,34,1170.25,2
2025-04-16,4297.05,43,29,1188.59,3
2025-04-17,3681.33,38,27,1011.33,2
2025-04-18,3939.96,55,32,1048.32,3
2025-04-19,3758.03,32,21,1305.35,2
2025-04-20,3927.25,43,32,1062.11,3
2025-04-21,4197.11,47,31,1317.45,2
2025-04-22,3906.93,47,34,1110.11,2
2025-04-23,4078.97,43,32,1144.97,2
2025-04-24,3882.28,42,29,1239.97,2
2025-04-25,3841.83,38,28,1257.7,2
2025-04-26,3838.13,42,27,1119.21,3
2025-04-27,4366.77,44,31,1123.18,2
2025-04-28,3948.64,45,34,1131.33,2
2025-04-29,4000.38,40,29,1173.82,2
2025-04-30,-750.0,43,29,1222.17,2
2025-05-01,3891.08,41,30,1133.89,2
2025-05-02,3772.36,45,35,1188.23,2
2025-05-03,4134.46,43,25,1311.9,2
2025-05-04,4319.56,37,30,1197.3,2
2025-05-05,4104.45,50,35,1177.43,3
2025-05-06,4090.34,39,29,993.53,2
2025-05-07,4220.46,41,33,890.15,2
2025-05-08,3870.37,38,23,1171.06,2
2025-05-09,3978.91,49,33,1129.25,3
2025-05-10,3934.05,31,21,1084.56,2
2025-05-11,3767.32,55,37,1150.39,3
2025-05-12,4461.23,52,43,1161.63,3
2025-05-13,4538.15,49,33,1285.07,2
2025-05-14,3999.27,42,29,1148.57,2
2025-05-15,3873.19,42,31,1057.7,2
2025-05-16,3888.9,44,28,1232.35,2
2025-05-17,3929.44,45,31,1114.05,2
2025-05-18,4129.69,46,34,1200.44,2
2025-05-19,4514.8,48,34,1123.15,2
2025-05-20,4152.62,43,31,1084.17,2
2025-05-21,3934.76,41,28,1144.5,2
2025-05-22,3662.91,38,23,1121.06,2
2025-05-23,3673.42,44,33,1168.39,2
2025-05-24,3830.17,43,36,1102.95,2
2025-05-25,4300.42,31,22,974.39,2
2025-05-26,4025.41,46,34,1098.25,3
2025-05-27,4189.76,45,34,1230.77,2
2025-05-28,4039.9,42,26,1112.66,2
2025-05-29,4088.9,41,35,1120.7,2
2025-05-30,4223.06,50,37,1252.02,3
2025-05-31,3703.24,44,37,1051.0,2
2025-06-01,4002.93,38,25,985.9,2
2025-06-02,4425.04,49,41,1149.44,2
2025-06-03,4391.37,41,32,1115.06,2
2025-06-04,4489.78,40,30,1072.76,2
2025-06-05,4087.65,40,30,1127.72,2
2025-06-06,3806.49,44,31,1177.54,3
2025-06-07,4008.75,47,37,1139.6,2
2025-06-08,4247.66,47,34,1185.56,2
2025-06-09,4341.39,49,29,1341.82,2
2025-06-10,4316.11,48,31,1124.68,2
2025-06-11,4305.13,42,30,1186.14,2
2025-06-12,4148.37,46,34,1097.98,2
2025-06-13,4074.91,47,34,1059.86,2
2025-06-14,3973.79,46,37,1079.94,2
2025-06-15,3972.24,48,29,1090.46,2
2025-06-16,4174.0,47,34,1186.39,2
2025-06-17,4395.53,48,29,1398.64,2
2025-06-18,3919.33,47,36,1063.56,2
2025-06-19,3957.21,42,30,1095.77,2
2025-06-20,3708.01,35,26,1116.17,2
2025-06-21,3814.62,39,25,1168.46,2
2025-06-22,4184.63,40,33,1177.43,2
2025-06-23,4133.95,40,32,1276.45,2
2025-06-24,4138.47,43,33,905.67,2
2025-06-25,3773.17,36,26,887.7,2
2025-06-26,3976.56,40,31,1089.01,2
2025-06-27,3846.22,31,20,1240.5,1
2025-06-28,4149.92,45,35,992.43,2
2025-06-29,3850.07,41,34,830.24,2
2025-06-30,4089.85,39,31,1202.51,2
2025-07-01,3899.06,44,29,1158.31,2
2025-07-02,4032.1,47,35,1032.91,2
2025-07-03,3565.01,29,17,1015.35,1
2025-07-04,3526.38,33,25,1014.61,2
2025-07-05,3614.37,34,26,1127.92,1
2025-07-06,3675.42,34,19,1057.89,1
2025-07-07,3698.37,43,27,1171.31,2
2025-07-08,3842.48,39,27,845.09,2
2025-07-09,3894.84,40,28,1048.01,2
2025-07-10,3350.88,25,15,988.45,1
2025-07-11,3453.66,40,30,1081.59,2
2025-07-12,3332.59,29,22,1046.15,1
2025-07-13,3810.72,40,28,1208.43,2
2025-07-14,3458.46,38,25,921.57,1
2025-07-15,3660.98,45,36,1124.21,2
2025-07-16,3723.69,33,29,1179.25,2
2025-07-17,3771.83,25,17,1311.97,1
2025-07-18,3372.47,36,24,1054.17,2
2025-07-19,3313.46,44,33,1131.25,2
2025-07-20,3889.23,47,33,952.97,2
2025-07-21,3427.24,37,26,866.44,1
2025-07-22,3321.31,33,26,1183.76,1
2025-07-23,3690.77,43,25,1120.89,2
2025-07-24,3355.73,30,26,1219.2,1
2025-07-25,3156.85,36,26,952.07,2
2025-07-26,3497.59,39,27,1161.85,1
2025-07-27,3551.52,43,31,1299.97,2
2025-07-28,3543.72,51,37,1154.59,2
2025-07-29,3444.38,38,22,1134.32,2
2025-07-30,3726.73,37,31,1124.46,2
2025-07-31,3521.65,37,27,954.21,1
2025-08-01,3605.23,29,22,1251.87,1
2025-08-02,3988.24,39,31,1078.21,2
2025-08-03,3614.75,36,23,1167.33,1
2025-08-04,3684.37,36,27,964.76,1
2025-08-05,3867.42,41,29,1014.1,2
2025-08-06,3868.82,37,29,1275.64,2
2025-08-07,3740.12,45,26,1089.68,2
2025-08-08,3538.14,37,26,1257.62,1
2025-08-09,3678.26,39,26,1112.87,1
2025-08-10,3541.73,36,27,928.31,1
2025-08-11,4179.09,45,34,1239.95,2
2025-08-12,3938.04,46,31,1077.29,2
2025-08-13,4039.64,38,25,1212.25,2
2025-08-14,3720.15,36,26,1125.73,1
2025-08-15,3626.58,37,24,963.28,2
2025-08-16,3680.93,32,26,1137.29,1
2025-08-17,3811.76,36,25,1348.33,1
2025-08-18,3999.77,40,20,1189.29,2
2025-08-19,4157.66,48,33,1143.71,2
2025-08-20,3840.21,42,27,1237.95,2
2025-08-21,3753.14,40,24,1146.26,1
2025-08-22,3496.02,41,26,1130.71,1
2025-08-23,3806.17,39,28,1019.21,2
2025-08-24,3578.77,40,33,1138.11,2
2025-08-25,4178.39,43,32,1254.25,2
2025-08-26,3882.12,42,28,1049.32,2
2025-08-27,3519.05,34,26,1253.59,1
2025-08-28,3621.15,26,17,1108.1,1
2025-08-29,3362.99,35,23,1013.0,1
2025-08-30,3672.52,46,30,1220.11,1
2025-08-31,3558.16,42,25,1084.81,1
2025-09-01,3339.51,40,28,1176.32,1
2025-09-02,3111.85,39,29,1057.53,1
2025-09-03,3270.66,35,25,1090.26,1
2025-09-04,2757.2,30,20,1114.79,1
2025-09-05,2808.75,26,16,1097.61,1
2025-09-06,3263.35,33,26,896.25,1
2025-09-07,3406.62,39,24,992.27,1
2025-09-08,3480.59,43,33,1201.78,1
2025-09-09,3262.94,34,21,1082.56,1
2025-09-10,3329.37,33,22,1047.39,1
2025-09-11,3179.58,33,19,954.92,1
2025-09-12,2872.93,33,22,964.4,1
2025-09-13,3385.53,28,23,900.95,1
2025-09-14,3412.42,24,19,1094.62,1
2025-09-15,3354.43,33,27,1041.42,1
2025-09-16,3432.9,30,23,1009.32,1
2025-09-17,3367.42,33,20,,1
2025-09-18,2805.56,29,20,1104.73,1
2025-09-19,3030.68,30,19,1291.16,1
2025-09-20,2986.8,39,32,928.02,1
2025-09-21,3069.74,34,21,1200.12,1
2025-09-22,3340.05,37,29,1197.71,1
2025-09-23,3749.0,43,34,1047.03,1
2025-09-24,3443.53,31,28,1126.94,1
2025-09-25,3069.45,38,26,1038.4,1
2025-09-26,3178.35,33,26,1109.27,1
2025-09-27,3362.46,39,35,1252.66,2
2025-09-28,3418.42,31,20,1165.67,1
2025-09-29,3404.26,28,16,1155.12,1
2025-09-30,3312.78,39,22,1055.74,1
2025-10-01,3791.88,42,32,979.11,1
2025-10-02,3566.54,33,18,1093.15,1
2025-10-03,3551.2,33,23,1233.73,1
2025-10-04,3544.25,43,32,959.94,2
2025-10-05,3775.41,34,25,1021.02,1
2025-10-06,3646.86,47,35,1131.44,2
2025-10-07,4020.63,38,28,1042.77,1
2025-10-08,3714.15,42,34,1043.6,2
2025-10-09,3882.66,39,25,1090.6,1
2025-10-10,3280.43,38,25,960.26,2
2025-10-11,3757.83,37,24,1028.06,1
2025-10-12,3638.57,37,29,1188.66,1
2025-10-13,3643.43,39,31,987.87,1
2025-10-14,3714.89,34,26,963.11,1
2025-10-15,3640.42,42,34,1055.42,2
2025-10-16,3605.97,35,22,1189.55,1
2025-10-17,3520.11,36,31,1091.51,1
2025-10-18,3364.61,30,26,1055.42,1
2025-10-19,3622.08,25,20,1121.76,1
2025-10-20,4170.79,43,36,975.68,2
2025-10-21,4138.44,56,35,1197.78,2
2025-10-22,3803.09,44,30,1166.53,2
2025-10-23,3563.92,37,24,1072.9,1
2025-10-24,3476.03,35,27,1209.15,1
2025-10-25,3607.7,38,24,1003.71,1
2025-10-26,3472.71,39,30,1221.15,2
2025-10-27,3770.17,34,29,1141.66,1
2025-10-28,3559.39,43,33,1079.91,2
2025-10-29,3829.62,44,33,1127.79,2
2025-10-30,3707.71,43,28,1111.74,1
2025-10-31,3402.51,38,25,1226.18,1
2025-11-01,4202.01,44,35,1044.45,1
2025-11-02,3876.02,44,34,1056.31,2
2025-11-03,4011.17,45,32,1244.3,2
2025-11-04,4364.12,44,30,1102.29,2
2025-11-05,4400.07,43,25,1254.06,2
2025-11-06,4330.95,46,30,1329.8,2
2025-11-07,3833.39,48,40,1089.82,2
2025-11-08,4159.64,38,24,1217.71,2
2025-11-09,4137.45,36,26,1032.88,1
2025-11-10,4292.34,46,36,1233.01,2
2025-11-11,4532.35,48,31,1191.88,2
2025-11-12,4379.49,47,34,1210.07,2
2025-11-13,3795.47,41,32,1063.17,1
2025-11-14,4234.03,43,31,987.93,2
2025-11-15,4267.03,52,46,1206.35,2
2025-11-16,4085.77,35,20,,1
2025-11-17,4449.5,43,34,1135.23,2
2025-11-18,4517.88,47,33,1265.19,2
2025-11-19,4365.48,38,30,1181.12,2
2025-11-20,4037.46,42,32,1337.08,2
2025-11-21,3905.44,49,33,1236.84,2
2025-11-22,4072.87,43,32,1078.98,2
2025-11-23,4469.09,48,29,1170.88,2
2025-11-24,4536.47,41,31,1167.45,2
2025-11-25,4423.35,43,32,1007.18,2
2025-11-26,4519.28,46,35,1077.12,2
2025-11-27,3686.3,37,30,1065.1,1
2025-11-28,4296.32,52,39,954.16,2
2025-11-29,3828.2,43,31,1134.44,2
2025-11-30,4257.29,39,25,1130.53,2
2025-12-01,4782.17,52,35,1019.64,2
2025-12-02,4808.28,53,42,1228.92,2
2025-12-03,5129.57,60,48,1279.36,2
2025-12-04,4636.43,57,40,1200.89,3
2025-12-05,4662.46,44,32,1147.34,2
2025-12-06,4649.58,45,30,1238.12,2
2025-12-07,4944.98,46,37,1264.72,2
2025-12-08,5074.1,52,39,1235.19,2
2025-12-09,4887.5,54,45,1110.79,2
2025-12-10,5177.61,59,40,1238.32,2
2025-12-11,4709.92,49,34,1302.14,2
2025-12-12,4398.58,45,33,1104.25,2
2025-12-13,4660.13,50,38,1389.4,2
2025-12-14,5208.87,51,36,1159.97,2
2025-12-15,5293.37,66,45,1220.84,3
2025-12-16,5136.16,46,36,1140.92,2
2025-12-17,5016.29,54,41,1223.3,2
2025-12-18,4822.15,61,41,1015.11,3
2025-12-19,5134.19,54,43,1153.45,2
2025-12-20,4887.88,51,40,1084.06,2
2025-12-21,5098.4,52,38,1219.44,2
2025-12-22,5408.34,56,41,1323.95,3
2025-12-23,5324.73,63,47,1284.08,3
2025-12-24,5115.61,43,28,969.77,2
2025-12-25,4928.02,60,43,1399.89,3
2025-12-26,4831.01,44,25,1219.39,2
2025-12-27,4896.15,50,39,1116.12,3
2025-12-28,5235.85,53,33,1229.86,2
2025-12-29,5316.27,59,47,1236.6,3
2025-12-30,5497.78,50,35,1163.18,2
2025-12-31,5231.97,57,40,1233.71,3
2023-02-20,2795.95,24,23,1118.04,1
2024-05-15,3815.25,43,31,1147.02,2
2025-06-19,3957.21,42,30,1095.77,2
